id,name,email,feedback
1,,,Hello test
2,,,Hello test
3,Kyle,k@mail.org,Hello test
4,Kyle,k@mail.org,Hello test
5,Kyle,k@mail.org,Hello test
6,Kyle,k@mail.org,Hello test
7,Kyle,k@mail.org,Hello test
8,Kyle,k@mail.org,Hello test
9,Kyle,k@mail.org,Hello test
10,daniel,daniel123345@fmail.com,this is great site i use all time
11,daniel,daniel123345@fmail.com,this is great site i use all time
12,test,test@test.test,test
13,test,test@test.test,test
14,test,test@test.test,test
15,test,test@test.test,test
16,test,hi@test.gov,test
17,Sam,sam@samuel.gov.uk,"i am sam, i like your site this is cooooooool"
18,Mark,mark@mark.co.uk,ur website isnt as good as i thought it would but 
19,StarWarsFan,swfan@gmail.com,"Please please please activate my account i really wish to use your site!!

- swfan"
20,hello,test@test.test,test
21,test from chromium,chromium@test.test,hello im writing this from chromium browser
22,kbman,kbman@keebmail.ke,writing this with exclusive use of keyboard!
23,submitting w/o styling,nostyling.user@gmail.com,hey
24,zacefron,zacefron@outlook.co.uk,"Lovely website, very easy to naviagte. Although as 5 star actor Zac Efron I did not see any of awarding movies. Much easier."
25,karis christie,edwardcullen@hotmail.com,"Love the site, enjoy reading the reviews helps me pick out which movie to watch"
